<?xml version="1.0" encoding="utf-8"?>
<!DOCTYPE install SYSTEM "http://dev.joomla.org/xml/1.5/module-install.dtd">
<extension type="module" version="3.1" client="site" method="upgrade">
	<name>J!Research Keywords Cloud</name>
	<creationDate>October 2015</creationDate>
	<author>Luis Galárraga</author>
	<authorEmail>shamantobi@gmail.com</authorEmail>
	<authorUrl>www.joomlaresearch.com</authorUrl>
	<copyright>(c) Copyright by Luis Galárraga</copyright>
	<license>http://www.gnu.org/licenses/gpl-2.0.html GNU/GPL</license>
	<version>1.0</version>
	<description>It renders a word cloud from the set of keywords associated to J!Research items.</description>
	<files>
		<filename module="mod_jresearch_keywords_cloud">mod_jresearch_keywords_cloud.php</filename>
		<filename>index.html</filename>
		<filename>tagcloud.css</filename>
		<folder>tmpl</folder>
		<folder>lotsofcode</folder>		
	</files>
	<languages>
        <language tag="en-GB">en-GB.mod_jresearch_keywords_cloud.sys.ini</language>
        <language tag="es-ES">es-ES.mod_jresearch_keywords_cloud.sys.ini</language>
        <language tag="de-DE">de-DE.mod_jresearch_keywords_cloud.sys.ini</language>
        <language tag="en-GB">en-GB.mod_jresearch_keywords_cloud.ini</language>
        <language tag="de-DE">de-DE.mod_jresearch_keywords_cloud.ini</language>
        <language tag="es-ES">es-ES.mod_jresearch_keywords_cloud.ini</language>
	</languages>
	<config>
		<fields name="params">
			<fieldset name="basic">
                <field type="text" default="word-cloud" name="divid" size="15" label="JRESEARCH_MOD_KEYWORDS_DIVID" />												
				<field name="include_publications" type="list" default="1" size="3" label="JRESEARCH_MOD_KEYWORDS_CLOUD_INCLUDE_PUBLICATIONS" description="JRESEARCH_MOD_KEYWORDS_CLOUD_INCLUDE_PUBLICATIONS_DESCRIPTION">
					<option value="1">JYES</option>
					<option value="0">JNO</option>
				</field>
				<field name="include_projects" type="list" default="1" size="3" label="JRESEARCH_MOD_KEYWORDS_CLOUD_INCLUDE_PROJECTS" description="JRESEARCH_MOD_KEYWORDS_CLOUD_INCLUDE_PROJECTS_DESCRIPTION">
					<option value="1">JYES</option>
					<option value="0">JNO</option>
				</field>
			</fieldset>
		</fields>
	</config>
</extension>